data,model,seq_len,pred_len,lr,mse,mae,val_mse,val_mae,train_mse,train_mae,training_time,norm_type,activation,n_block,dropout
ETTm2,tsmixer,512,96,0.001,0.19680939614772797,0.3034604489803314,0.13248568773269653,0.257668673992157,0.23932097852230072,0.3061275780200958,243.2066731452942,B,relu,2,0.9
ETTm2,tsmixer_rev_in,512,96,0.001,0.16455674171447754,0.2528364658355713,0.11483566462993622,0.23250851035118103,0.1952037513256073,0.25903788208961487,433.4059338569641,B,relu,2,0.9
COVID_India,tsmixer_rev_in,50,10,0.0001,0.2151389867067337,0.24959665536880493,0.08051366358995438,0.20132073760032654,0.33293524384498596,0.2888396084308624,13.227090120315552,B,relu,2,0.05
